{
    "classification_report": {
        "0": {
            "precision": 0.8235294117647058,
            "recall": 0.5737704918032787,
            "f1-score": 0.6763285024154589,
            "support": 366.0
        },
        "1": {
            "precision": 0.7906040268456376,
            "recall": 0.9290220820189274,
            "f1-score": 0.8542422044960116,
            "support": 634.0
        },
        "accuracy": 0.799,
        "macro avg": {
            "precision": 0.8070667193051717,
            "recall": 0.751396286911103,
            "f1-score": 0.7652853534557353,
            "support": 1000.0
        },
        "weighted avg": {
            "precision": 0.8026547177260166,
            "recall": 0.799,
            "f1-score": 0.7891257895345294,
            "support": 1000.0
        }
    },
    "mcc": 0.5556813225844256
}