{
    "mcc": 0.0,
    "classification_report": {
        "CONSPIRANCY": {
            "precision": 0.0,
            "recall": 0.0,
            "f1-score": 0.0,
            "support": 345.0
        },
        "CRITICAL": {
            "precision": 0.655,
            "recall": 1.0,
            "f1-score": 0.7915407854984895,
            "support": 655.0
        },
        "accuracy": 0.655,
        "macro avg": {
            "precision": 0.3275,
            "recall": 0.5,
            "f1-score": 0.39577039274924475,
            "support": 1000.0
        },
        "weighted avg": {
            "precision": 0.42902500000000005,
            "recall": 0.655,
            "f1-score": 0.5184592145015106,
            "support": 1000.0
        }
    }
}