{
    "mcc": 0.8046594706827834,
    "classification_report": {
        "CONSPIRANCY": {
            "precision": 0.8377659574468085,
            "recall": 0.9130434782608695,
            "f1-score": 0.8737864077669903,
            "support": 345.0
        },
        "CRITICAL": {
            "precision": 0.9519230769230769,
            "recall": 0.9068702290076336,
            "f1-score": 0.9288506645817044,
            "support": 655.0
        },
        "accuracy": 0.909,
        "macro avg": {
            "precision": 0.8948445171849426,
            "recall": 0.9099568536342515,
            "f1-score": 0.9013185361743474,
            "support": 1000.0
        },
        "weighted avg": {
            "precision": 0.9125388707037644,
            "recall": 0.909,
            "f1-score": 0.909853495980628,
            "support": 1000.0
        }
    }
}