{
    "mcc": 0.7614388183417898,
    "classification_report": {
        "CONSPIRANCY": {
            "precision": 0.858433734939759,
            "recall": 0.8260869565217391,
            "f1-score": 0.8419497784342688,
            "support": 345.0
        },
        "CRITICAL": {
            "precision": 0.9101796407185628,
            "recall": 0.9282442748091603,
            "f1-score": 0.9191232048374905,
            "support": 655.0
        },
        "accuracy": 0.893,
        "macro avg": {
            "precision": 0.884306687829161,
            "recall": 0.8771656156654497,
            "f1-score": 0.8805364916358797,
            "support": 1000.0
        },
        "weighted avg": {
            "precision": 0.8923273032248755,
            "recall": 0.893,
            "f1-score": 0.8924983727283791,
            "support": 1000.0
        }
    }
}