{
    "classification_report": {
        "0": {
            "precision": 0.8299595141700404,
            "recall": 0.5601092896174863,
            "f1-score": 0.66884176182708,
            "support": 366.0
        },
        "1": {
            "precision": 0.7861885790172642,
            "recall": 0.9337539432176656,
            "f1-score": 0.8536409516943042,
            "support": 634.0
        },
        "accuracy": 0.797,
        "macro avg": {
            "precision": 0.8080740465936523,
            "recall": 0.7469316164175759,
            "f1-score": 0.7612413567606922,
            "support": 1000.0
        },
        "weighted avg": {
            "precision": 0.8022087412831804,
            "recall": 0.797,
            "f1-score": 0.7860044482029,
            "support": 1000.0
        }
    },
    "mcc": 0.5516274913442012
}